<?xml version="1.0"?>
<simRes version="2.00" nbElements="4">
  <nbHubs>0</nbHubs>
  <nbSwitch>0</nbSwitch>
  <nbCartesReseau>2</nbCartesReseau>
  <nbStations>2</nbStations>
  <dernierIdNoeud>2</dernierIdNoeud>
  <adrReseauInternet1>172.11.0.0</adrReseauInternet1>
  <adrReseauInternet2>172.12.0.0</adrReseauInternet2>
  <adrReseauInternet3>172.13.0.0</adrReseauInternet3>
  <adrReseauInternet4>172.14.0.0</adrReseauInternet4>
  <adrReseauInternet5>172.15.0.0</adrReseauInternet5>
  <iconeMessage />
  <station nomNoeud="st1">
    <idNoeud>1</idNoeud>
    <nbPointsConnexion>1</nbPointsConnexion>
    <Location.X>133</Location.X>
    <Location.Y>27</Location.Y>
    <PosDemo.X>0</PosDemo.X>
    <PosDemo.Y>0</PosDemo.Y>
    <ConfigIpStation>
      <passerelle>0.0.0.0</passerelle>
      <routageActif>False</routageActif>
      <natPatActif>False</natPatActif>
      <carteQuiNat>-1</carteQuiNat>
      <serveurDns>0.0.0.0</serveurDns>
      <Routes nbLignes="3">
        <ligne nbValeurs="6" clef="01">
          <valeur>01</valeur>
          <valeur>192.168.0.1</valeur>
          <valeur>255.255.255.255</valeur>
          <valeur>192.168.0.1</valeur>
          <valeur>192.168.0.1</valeur>
          <valeur>1</valeur>
        </ligne>
        <ligne nbValeurs="6" clef="02">
          <valeur>02</valeur>
          <valeur>192.168.0.0</valeur>
          <valeur>255.255.255.0</valeur>
          <valeur>192.168.0.1</valeur>
          <valeur>192.168.0.1</valeur>
          <valeur>1</valeur>
        </ligne>
        <ligne nbValeurs="6" clef="03">
          <valeur>03</valeur>
          <valeur>192.168.0.255</valeur>
          <valeur>255.255.255.255</valeur>
          <valeur>192.168.0.1</valeur>
          <valeur>192.168.0.1</valeur>
          <valeur>1</valeur>
        </ligne>
      </Routes>
      <CacheARP nbLignes="0" />
      <FichierHosts nbLignes="0" />
      <PortsEcoutes nbLignes="0" />
      <NatPat nbLignes="0" />
      <ReglesFiltrage nbLignes="0" />
    </ConfigIpStation>
    <AccesDistant>False</AccesDistant>
    <carte adresseMac="mac01">
      <PosDemoEmission.X>300</PosDemoEmission.X>
      <PosDemoEmission.Y>316</PosDemoEmission.Y>
      <ConfigIpCarte>
        <clientDhcp>False</clientDhcp>
        <adresse>192.168.0.1</adresse>
        <masque>255.255.255.0</masque>
      </ConfigIpCarte>
    </carte>
  </station>
  <station nomNoeud="st2">
    <idNoeud>2</idNoeud>
    <nbPointsConnexion>1</nbPointsConnexion>
    <Location.X>351</Location.X>
    <Location.Y>27</Location.Y>
    <PosDemo.X>0</PosDemo.X>
    <PosDemo.Y>0</PosDemo.Y>
    <ConfigIpStation>
      <passerelle>0.0.0.0</passerelle>
      <routageActif>False</routageActif>
      <natPatActif>False</natPatActif>
      <carteQuiNat>-1</carteQuiNat>
      <serveurDns>0.0.0.0</serveurDns>
      <Routes nbLignes="3">
        <ligne nbValeurs="6" clef="01">
          <valeur>01</valeur>
          <valeur>192.168.0.2</valeur>
          <valeur>255.255.255.255</valeur>
          <valeur>192.168.0.2</valeur>
          <valeur>192.168.0.2</valeur>
          <valeur>1</valeur>
        </ligne>
        <ligne nbValeurs="6" clef="02">
          <valeur>02</valeur>
          <valeur>192.168.0.0</valeur>
          <valeur>255.255.255.0</valeur>
          <valeur>192.168.0.2</valeur>
          <valeur>192.168.0.2</valeur>
          <valeur>1</valeur>
        </ligne>
        <ligne nbValeurs="6" clef="03">
          <valeur>03</valeur>
          <valeur>192.168.0.255</valeur>
          <valeur>255.255.255.255</valeur>
          <valeur>192.168.0.2</valeur>
          <valeur>192.168.0.2</valeur>
          <valeur>1</valeur>
        </ligne>
      </Routes>
      <CacheARP nbLignes="0" />
      <FichierHosts nbLignes="0" />
      <PortsEcoutes nbLignes="1">
        <ligne nbValeurs="3" clef="01">
          <valeur>01</valeur>
          <valeur>TCP</valeur>
          <valeur>21</valeur>
        </ligne>
      </PortsEcoutes>
      <NatPat nbLignes="0" />
      <ReglesFiltrage nbLignes="0" />
    </ConfigIpStation>
    <AccesDistant>False</AccesDistant>
    <carte adresseMac="mac02">
      <PosDemoEmission.X>0</PosDemoEmission.X>
      <PosDemoEmission.Y>0</PosDemoEmission.Y>
      <ConfigIpCarte>
        <clientDhcp>False</clientDhcp>
        <adresse>192.168.0.2</adresse>
        <masque>255.255.255.0</masque>
      </ConfigIpCarte>
    </carte>
  </station>
  <cable>
    <type>coaxial</type>
    <longueur>30</longueur>
    <noeudPointA>1</noeudPointA>
    <portPointA>1</portPointA>
    <noeudPointB>2</noeudPointB>
    <portPointB>1</portPointB>
  </cable>
</simRes>