<?xml version="1.0"?>
<simRes version="2.00" nbElements="8">
  <nbHubs>1</nbHubs>
  <nbSwitch>0</nbSwitch>
  <nbCartesReseau>4</nbCartesReseau>
  <nbStations>4</nbStations>
  <dernierIdNoeud>5</dernierIdNoeud>
  <adrReseauInternet1>172.11.0.0</adrReseauInternet1>
  <adrReseauInternet2>172.12.0.0</adrReseauInternet2>
  <adrReseauInternet3>172.13.0.0</adrReseauInternet3>
  <adrReseauInternet4>172.14.0.0</adrReseauInternet4>
  <adrReseauInternet5>172.15.0.0</adrReseauInternet5>
  <iconeMessage />
  <station nomNoeud="st1">
    <idNoeud>1</idNoeud>
    <nbPointsConnexion>1</nbPointsConnexion>
    <Location.X>164</Location.X>
    <Location.Y>172</Location.Y>
    <PosDemo.X>0</PosDemo.X>
    <PosDemo.Y>0</PosDemo.Y>
    <ConfigIpStation>
      <passerelle>0.0.0.0</passerelle>
      <routageActif>False</routageActif>
      <natPatActif>False</natPatActif>
      <carteQuiNat>-1</carteQuiNat>
      <serveurDns>0.0.0.0</serveurDns>
      <Routes nbLignes="3">
        <ligne nbValeurs="6" clef="01">
          <valeur>01</valeur>
          <valeur>192.168.0.1</valeur>
          <valeur>255.255.255.255</valeur>
          <valeur>192.168.0.1</valeur>
          <valeur>192.168.0.1</valeur>
          <valeur>1</valeur>
        </ligne>
        <ligne nbValeurs="6" clef="02">
          <valeur>02</valeur>
          <valeur>192.168.0.0</valeur>
          <valeur>255.255.255.0</valeur>
          <valeur>192.168.0.1</valeur>
          <valeur>192.168.0.1</valeur>
          <valeur>1</valeur>
        </ligne>
        <ligne nbValeurs="6" clef="03">
          <valeur>03</valeur>
          <valeur>192.168.0.255</valeur>
          <valeur>255.255.255.255</valeur>
          <valeur>192.168.0.1</valeur>
          <valeur>192.168.0.1</valeur>
          <valeur>1</valeur>
        </ligne>
      </Routes>
      <CacheARP nbLignes="0" />
      <FichierHosts nbLignes="0" />
      <PortsEcoutes nbLignes="0" />
      <NatPat nbLignes="0" />
      <ReglesFiltrage nbLignes="0" />
    </ConfigIpStation>
    <AccesDistant>False</AccesDistant>
    <carte adresseMac="mac01">
      <PosDemoEmission.X>363</PosDemoEmission.X>
      <PosDemoEmission.Y>461</PosDemoEmission.Y>
      <ConfigIpCarte>
        <clientDhcp>False</clientDhcp>
        <adresse>192.168.0.1</adresse>
        <masque>255.255.255.0</masque>
      </ConfigIpCarte>
    </carte>
  </station>
  <station nomNoeud="st2">
    <idNoeud>2</idNoeud>
    <nbPointsConnexion>1</nbPointsConnexion>
    <Location.X>274</Location.X>
    <Location.Y>172</Location.Y>
    <PosDemo.X>0</PosDemo.X>
    <PosDemo.Y>0</PosDemo.Y>
    <ConfigIpStation>
      <passerelle>0.0.0.0</passerelle>
      <routageActif>False</routageActif>
      <natPatActif>False</natPatActif>
      <carteQuiNat>-1</carteQuiNat>
      <serveurDns>0.0.0.0</serveurDns>
      <Routes nbLignes="3">
        <ligne nbValeurs="6" clef="01">
          <valeur>01</valeur>
          <valeur>192.168.0.2</valeur>
          <valeur>255.255.255.255</valeur>
          <valeur>192.168.0.2</valeur>
          <valeur>192.168.0.2</valeur>
          <valeur>1</valeur>
        </ligne>
        <ligne nbValeurs="6" clef="02">
          <valeur>02</valeur>
          <valeur>192.168.0.0</valeur>
          <valeur>255.255.255.0</valeur>
          <valeur>192.168.0.2</valeur>
          <valeur>192.168.0.2</valeur>
          <valeur>1</valeur>
        </ligne>
        <ligne nbValeurs="6" clef="03">
          <valeur>03</valeur>
          <valeur>192.168.0.255</valeur>
          <valeur>255.255.255.255</valeur>
          <valeur>192.168.0.2</valeur>
          <valeur>192.168.0.2</valeur>
          <valeur>1</valeur>
        </ligne>
      </Routes>
      <CacheARP nbLignes="0" />
      <FichierHosts nbLignes="0" />
      <PortsEcoutes nbLignes="0" />
      <NatPat nbLignes="0" />
      <ReglesFiltrage nbLignes="0" />
    </ConfigIpStation>
    <AccesDistant>False</AccesDistant>
    <carte adresseMac="mac02">
      <PosDemoEmission.X>0</PosDemoEmission.X>
      <PosDemoEmission.Y>0</PosDemoEmission.Y>
      <ConfigIpCarte>
        <clientDhcp>False</clientDhcp>
        <adresse>192.168.0.2</adresse>
        <masque>255.255.255.0</masque>
      </ConfigIpCarte>
    </carte>
  </station>
  <station nomNoeud="st3">
    <idNoeud>3</idNoeud>
    <nbPointsConnexion>1</nbPointsConnexion>
    <Location.X>370</Location.X>
    <Location.Y>172</Location.Y>
    <PosDemo.X>0</PosDemo.X>
    <PosDemo.Y>0</PosDemo.Y>
    <ConfigIpStation>
      <passerelle>0.0.0.0</passerelle>
      <routageActif>False</routageActif>
      <natPatActif>False</natPatActif>
      <carteQuiNat>-1</carteQuiNat>
      <serveurDns>0.0.0.0</serveurDns>
      <Routes nbLignes="3">
        <ligne nbValeurs="6" clef="01">
          <valeur>01</valeur>
          <valeur>192.168.0.3</valeur>
          <valeur>255.255.255.255</valeur>
          <valeur>192.168.0.3</valeur>
          <valeur>192.168.0.3</valeur>
          <valeur>1</valeur>
        </ligne>
        <ligne nbValeurs="6" clef="02">
          <valeur>02</valeur>
          <valeur>192.168.0.0</valeur>
          <valeur>255.255.255.0</valeur>
          <valeur>192.168.0.3</valeur>
          <valeur>192.168.0.3</valeur>
          <valeur>1</valeur>
        </ligne>
        <ligne nbValeurs="6" clef="03">
          <valeur>03</valeur>
          <valeur>192.168.0.255</valeur>
          <valeur>255.255.255.255</valeur>
          <valeur>192.168.0.3</valeur>
          <valeur>192.168.0.3</valeur>
          <valeur>1</valeur>
        </ligne>
      </Routes>
      <CacheARP nbLignes="0" />
      <FichierHosts nbLignes="0" />
      <PortsEcoutes nbLignes="0" />
      <NatPat nbLignes="0" />
      <ReglesFiltrage nbLignes="0" />
    </ConfigIpStation>
    <AccesDistant>False</AccesDistant>
    <carte adresseMac="mac03">
      <PosDemoEmission.X>0</PosDemoEmission.X>
      <PosDemoEmission.Y>0</PosDemoEmission.Y>
      <ConfigIpCarte>
        <clientDhcp>False</clientDhcp>
        <adresse>192.168.0.3</adresse>
        <masque>255.255.255.0</masque>
      </ConfigIpCarte>
    </carte>
  </station>
  <hub nomNoeud="hb1">
    <idNoeud>5</idNoeud>
    <nbPointsConnexion>7</nbPointsConnexion>
    <Location.X>239</Location.X>
    <Location.Y>64</Location.Y>
    <PosDemo.X>0</PosDemo.X>
    <PosDemo.Y>0</PosDemo.Y>
    <nbPortsNormaux>6</nbPortsNormaux>
    <nbPortsCascade>1</nbPortsCascade>
  </hub>
  <cable>
    <type>droit</type>
    <longueur>30</longueur>
    <noeudPointA>1</noeudPointA>
    <portPointA>1</portPointA>
    <noeudPointB>5</noeudPointB>
    <portPointB>1</portPointB>
  </cable>
  <cable>
    <type>droit</type>
    <longueur>30</longueur>
    <noeudPointA>2</noeudPointA>
    <portPointA>1</portPointA>
    <noeudPointB>5</noeudPointB>
    <portPointB>2</portPointB>
  </cable>
  <cable>
    <type>droit</type>
    <longueur>30</longueur>
    <noeudPointA>3</noeudPointA>
    <portPointA>1</portPointA>
    <noeudPointB>5</noeudPointB>
    <portPointB>3</portPointB>
  </cable>
</simRes>