<?xml version="1.0"?>
<simRes version="2.00" nbElements="18">
  <nbHubs>2</nbHubs>
  <nbSwitch>2</nbSwitch>
  <nbCartesReseau>14</nbCartesReseau>
  <nbStations>8</nbStations>
  <dernierIdNoeud>13</dernierIdNoeud>
  <adrReseauInternet1>172.11.0.0</adrReseauInternet1>
  <adrReseauInternet2>172.12.0.0</adrReseauInternet2>
  <adrReseauInternet3>172.13.0.0</adrReseauInternet3>
  <adrReseauInternet4>172.14.0.0</adrReseauInternet4>
  <adrReseauInternet5>172.15.0.0</adrReseauInternet5>
  <iconeMessage />
  <station nomNoeud="st1">
    <idNoeud>1</idNoeud>
    <nbPointsConnexion>1</nbPointsConnexion>
    <Location.X>196</Location.X>
    <Location.Y>172</Location.Y>
    <PosDemo.X>0</PosDemo.X>
    <PosDemo.Y>0</PosDemo.Y>
    <ConfigIpStation>
      <passerelle>0.0.0.0</passerelle>
      <routageActif>False</routageActif>
      <natPatActif>False</natPatActif>
      <carteQuiNat>-1</carteQuiNat>
      <serveurDns>0.0.0.0</serveurDns>
      <Routes nbLignes="3">
        <ligne nbValeurs="6" clef="01">
          <valeur>01</valeur>
          <valeur>192.168.0.1</valeur>
          <valeur>255.255.255.255</valeur>
          <valeur>192.168.0.1</valeur>
          <valeur>192.168.0.1</valeur>
          <valeur>1</valeur>
        </ligne>
        <ligne nbValeurs="6" clef="02">
          <valeur>02</valeur>
          <valeur>192.168.0.0</valeur>
          <valeur>255.255.255.0</valeur>
          <valeur>192.168.0.1</valeur>
          <valeur>192.168.0.1</valeur>
          <valeur>1</valeur>
        </ligne>
        <ligne nbValeurs="6" clef="03">
          <valeur>03</valeur>
          <valeur>192.168.0.255</valeur>
          <valeur>255.255.255.255</valeur>
          <valeur>192.168.0.1</valeur>
          <valeur>192.168.0.1</valeur>
          <valeur>1</valeur>
        </ligne>
      </Routes>
      <CacheARP nbLignes="0" />
      <FichierHosts nbLignes="0" />
      <PortsEcoutes nbLignes="0" />
      <NatPat nbLignes="0" />
      <ReglesFiltrage nbLignes="0" />
    </ConfigIpStation>
    <AccesDistant>False</AccesDistant>
    <carte adresseMac="mac01">
      <PosDemoEmission.X>363</PosDemoEmission.X>
      <PosDemoEmission.Y>461</PosDemoEmission.Y>
      <ConfigIpCarte>
        <clientDhcp>False</clientDhcp>
        <adresse>192.168.0.1</adresse>
        <masque>255.255.255.0</masque>
      </ConfigIpCarte>
    </carte>
  </station>
  <station nomNoeud="st2">
    <idNoeud>2</idNoeud>
    <nbPointsConnexion>1</nbPointsConnexion>
    <Location.X>281</Location.X>
    <Location.Y>174</Location.Y>
    <PosDemo.X>0</PosDemo.X>
    <PosDemo.Y>0</PosDemo.Y>
    <ConfigIpStation>
      <passerelle>0.0.0.0</passerelle>
      <routageActif>False</routageActif>
      <natPatActif>False</natPatActif>
      <carteQuiNat>-1</carteQuiNat>
      <serveurDns>0.0.0.0</serveurDns>
      <Routes nbLignes="3">
        <ligne nbValeurs="6" clef="01">
          <valeur>01</valeur>
          <valeur>192.168.0.2</valeur>
          <valeur>255.255.255.255</valeur>
          <valeur>192.168.0.2</valeur>
          <valeur>192.168.0.2</valeur>
          <valeur>1</valeur>
        </ligne>
        <ligne nbValeurs="6" clef="02">
          <valeur>02</valeur>
          <valeur>192.168.0.0</valeur>
          <valeur>255.255.255.0</valeur>
          <valeur>192.168.0.2</valeur>
          <valeur>192.168.0.2</valeur>
          <valeur>1</valeur>
        </ligne>
        <ligne nbValeurs="6" clef="03">
          <valeur>03</valeur>
          <valeur>192.168.0.255</valeur>
          <valeur>255.255.255.255</valeur>
          <valeur>192.168.0.2</valeur>
          <valeur>192.168.0.2</valeur>
          <valeur>1</valeur>
        </ligne>
      </Routes>
      <CacheARP nbLignes="0" />
      <FichierHosts nbLignes="0" />
      <PortsEcoutes nbLignes="0" />
      <NatPat nbLignes="0" />
      <ReglesFiltrage nbLignes="0" />
    </ConfigIpStation>
    <AccesDistant>False</AccesDistant>
    <carte adresseMac="mac02">
      <PosDemoEmission.X>379</PosDemoEmission.X>
      <PosDemoEmission.Y>426</PosDemoEmission.Y>
      <ConfigIpCarte>
        <clientDhcp>False</clientDhcp>
        <adresse>192.168.0.2</adresse>
        <masque>255.255.255.0</masque>
      </ConfigIpCarte>
    </carte>
  </station>
  <station nomNoeud="st3">
    <idNoeud>3</idNoeud>
    <nbPointsConnexion>1</nbPointsConnexion>
    <Location.X>367</Location.X>
    <Location.Y>176</Location.Y>
    <PosDemo.X>0</PosDemo.X>
    <PosDemo.Y>0</PosDemo.Y>
    <ConfigIpStation>
      <passerelle>0.0.0.0</passerelle>
      <routageActif>False</routageActif>
      <natPatActif>False</natPatActif>
      <carteQuiNat>-1</carteQuiNat>
      <serveurDns>0.0.0.0</serveurDns>
      <Routes nbLignes="3">
        <ligne nbValeurs="6" clef="01">
          <valeur>01</valeur>
          <valeur>192.168.0.3</valeur>
          <valeur>255.255.255.255</valeur>
          <valeur>192.168.0.3</valeur>
          <valeur>192.168.0.3</valeur>
          <valeur>1</valeur>
        </ligne>
        <ligne nbValeurs="6" clef="02">
          <valeur>02</valeur>
          <valeur>192.168.0.0</valeur>
          <valeur>255.255.255.0</valeur>
          <valeur>192.168.0.3</valeur>
          <valeur>192.168.0.3</valeur>
          <valeur>1</valeur>
        </ligne>
        <ligne nbValeurs="6" clef="03">
          <valeur>03</valeur>
          <valeur>192.168.0.255</valeur>
          <valeur>255.255.255.255</valeur>
          <valeur>192.168.0.3</valeur>
          <valeur>192.168.0.3</valeur>
          <valeur>1</valeur>
        </ligne>
      </Routes>
      <CacheARP nbLignes="0" />
      <FichierHosts nbLignes="0" />
      <PortsEcoutes nbLignes="0" />
      <NatPat nbLignes="0" />
      <ReglesFiltrage nbLignes="0" />
    </ConfigIpStation>
    <AccesDistant>False</AccesDistant>
    <carte adresseMac="mac03">
      <PosDemoEmission.X>0</PosDemoEmission.X>
      <PosDemoEmission.Y>0</PosDemoEmission.Y>
      <ConfigIpCarte>
        <clientDhcp>False</clientDhcp>
        <adresse>192.168.0.3</adresse>
        <masque>255.255.255.0</masque>
      </ConfigIpCarte>
    </carte>
  </station>
  <switch nomNoeud="sw1">
    <idNoeud>7</idNoeud>
    <nbPointsConnexion>7</nbPointsConnexion>
    <Location.X>272</Location.X>
    <Location.Y>73</Location.Y>
    <PosDemo.X>0</PosDemo.X>
    <PosDemo.Y>0</PosDemo.Y>
    <nbPortsNormaux>4</nbPortsNormaux>
    <nbPortsCascade>3</nbPortsCascade>
    <spanningTree>True</spanningTree>
    <nbPorts802.1q>0</nbPorts802.1q>
    <niveau_vlan>0</niveau_vlan>
    <typeSwitch>storeAndForward</typeSwitch>
    <PortSwitch numero="1">
      <PosDemoEmission.X>0</PosDemoEmission.X>
      <PosDemoEmission.Y>0</PosDemoEmission.Y>
    </PortSwitch>
    <PortSwitch numero="2">
      <PosDemoEmission.X>0</PosDemoEmission.X>
      <PosDemoEmission.Y>0</PosDemoEmission.Y>
    </PortSwitch>
    <PortSwitch numero="3">
      <PosDemoEmission.X>0</PosDemoEmission.X>
      <PosDemoEmission.Y>0</PosDemoEmission.Y>
    </PortSwitch>
    <PortSwitch numero="4">
      <PosDemoEmission.X>0</PosDemoEmission.X>
      <PosDemoEmission.Y>0</PosDemoEmission.Y>
    </PortSwitch>
    <PortSwitch numero="5">
      <PosDemoEmission.X>0</PosDemoEmission.X>
      <PosDemoEmission.Y>0</PosDemoEmission.Y>
    </PortSwitch>
    <PortSwitch numero="6">
      <PosDemoEmission.X>0</PosDemoEmission.X>
      <PosDemoEmission.Y>0</PosDemoEmission.Y>
    </PortSwitch>
    <PortSwitch numero="7">
      <PosDemoEmission.X>0</PosDemoEmission.X>
      <PosDemoEmission.Y>0</PosDemoEmission.Y>
    </PortSwitch>
    <table_port_vlan nbLignes="0" />
    <table_mac_vlan nbLignes="0" />
  </switch>
  <station nomNoeud="st4">
    <idNoeud>9</idNoeud>
    <nbPointsConnexion>1</nbPointsConnexion>
    <Location.X>492</Location.X>
    <Location.Y>173</Location.Y>
    <PosDemo.X>0</PosDemo.X>
    <PosDemo.Y>0</PosDemo.Y>
    <ConfigIpStation>
      <passerelle>0.0.0.0</passerelle>
      <routageActif>False</routageActif>
      <natPatActif>False</natPatActif>
      <carteQuiNat>-1</carteQuiNat>
      <serveurDns>0.0.0.0</serveurDns>
      <Routes nbLignes="3">
        <ligne nbValeurs="6" clef="01">
          <valeur>01</valeur>
          <valeur>192.168.1.1</valeur>
          <valeur>255.255.255.255</valeur>
          <valeur>192.168.1.1</valeur>
          <valeur>192.168.1.1</valeur>
          <valeur>1</valeur>
        </ligne>
        <ligne nbValeurs="6" clef="02">
          <valeur>02</valeur>
          <valeur>192.168.1.0</valeur>
          <valeur>255.255.255.0</valeur>
          <valeur>192.168.1.1</valeur>
          <valeur>192.168.1.1</valeur>
          <valeur>1</valeur>
        </ligne>
        <ligne nbValeurs="6" clef="03">
          <valeur>03</valeur>
          <valeur>192.168.1.255</valeur>
          <valeur>255.255.255.255</valeur>
          <valeur>192.168.1.1</valeur>
          <valeur>192.168.1.1</valeur>
          <valeur>1</valeur>
        </ligne>
      </Routes>
      <CacheARP nbLignes="0" />
      <FichierHosts nbLignes="0" />
      <PortsEcoutes nbLignes="0" />
      <NatPat nbLignes="0" />
      <ReglesFiltrage nbLignes="0" />
    </ConfigIpStation>
    <AccesDistant>False</AccesDistant>
    <carte adresseMac="mac10">
      <PosDemoEmission.X>641</PosDemoEmission.X>
      <PosDemoEmission.Y>355</PosDemoEmission.Y>
      <ConfigIpCarte>
        <clientDhcp>False</clientDhcp>
        <adresse>192.168.1.1</adresse>
        <masque>255.255.255.0</masque>
      </ConfigIpCarte>
    </carte>
  </station>
  <hub nomNoeud="hb2">
    <idNoeud>10</idNoeud>
    <nbPointsConnexion>7</nbPointsConnexion>
    <Location.X>531</Location.X>
    <Location.Y>77</Location.Y>
    <PosDemo.X>0</PosDemo.X>
    <PosDemo.Y>0</PosDemo.Y>
    <nbPortsNormaux>6</nbPortsNormaux>
    <nbPortsCascade>1</nbPortsCascade>
  </hub>
  <station nomNoeud="st5">
    <idNoeud>11</idNoeud>
    <nbPointsConnexion>1</nbPointsConnexion>
    <Location.X>553</Location.X>
    <Location.Y>171</Location.Y>
    <PosDemo.X>0</PosDemo.X>
    <PosDemo.Y>0</PosDemo.Y>
    <ConfigIpStation>
      <passerelle>0.0.0.0</passerelle>
      <routageActif>False</routageActif>
      <natPatActif>False</natPatActif>
      <carteQuiNat>-1</carteQuiNat>
      <serveurDns>0.0.0.0</serveurDns>
      <Routes nbLignes="3">
        <ligne nbValeurs="6" clef="01">
          <valeur>01</valeur>
          <valeur>192.168.1.2</valeur>
          <valeur>255.255.255.255</valeur>
          <valeur>192.168.1.2</valeur>
          <valeur>192.168.1.2</valeur>
          <valeur>1</valeur>
        </ligne>
        <ligne nbValeurs="6" clef="02">
          <valeur>02</valeur>
          <valeur>192.168.1.0</valeur>
          <valeur>255.255.255.0</valeur>
          <valeur>192.168.1.2</valeur>
          <valeur>192.168.1.2</valeur>
          <valeur>1</valeur>
        </ligne>
        <ligne nbValeurs="6" clef="03">
          <valeur>03</valeur>
          <valeur>192.168.1.255</valeur>
          <valeur>255.255.255.255</valeur>
          <valeur>192.168.1.2</valeur>
          <valeur>192.168.1.2</valeur>
          <valeur>1</valeur>
        </ligne>
      </Routes>
      <CacheARP nbLignes="0" />
      <FichierHosts nbLignes="0" />
      <PortsEcoutes nbLignes="0" />
      <NatPat nbLignes="0" />
      <ReglesFiltrage nbLignes="0" />
    </ConfigIpStation>
    <AccesDistant>False</AccesDistant>
    <carte adresseMac="mac11">
      <PosDemoEmission.X>0</PosDemoEmission.X>
      <PosDemoEmission.Y>0</PosDemoEmission.Y>
      <ConfigIpCarte>
        <clientDhcp>False</clientDhcp>
        <adresse>192.168.1.2</adresse>
        <masque>255.255.255.0</masque>
      </ConfigIpCarte>
    </carte>
  </station>
  <station nomNoeud="st6">
    <idNoeud>12</idNoeud>
    <nbPointsConnexion>1</nbPointsConnexion>
    <Location.X>610</Location.X>
    <Location.Y>170</Location.Y>
    <PosDemo.X>0</PosDemo.X>
    <PosDemo.Y>0</PosDemo.Y>
    <ConfigIpStation>
      <passerelle>0.0.0.0</passerelle>
      <routageActif>False</routageActif>
      <natPatActif>False</natPatActif>
      <carteQuiNat>-1</carteQuiNat>
      <serveurDns>0.0.0.0</serveurDns>
      <Routes nbLignes="3">
        <ligne nbValeurs="6" clef="01">
          <valeur>01</valeur>
          <valeur>192.168.1.3</valeur>
          <valeur>255.255.255.255</valeur>
          <valeur>192.168.1.3</valeur>
          <valeur>192.168.1.3</valeur>
          <valeur>1</valeur>
        </ligne>
        <ligne nbValeurs="6" clef="02">
          <valeur>02</valeur>
          <valeur>192.168.1.0</valeur>
          <valeur>255.255.255.0</valeur>
          <valeur>192.168.1.3</valeur>
          <valeur>192.168.1.3</valeur>
          <valeur>1</valeur>
        </ligne>
        <ligne nbValeurs="6" clef="03">
          <valeur>03</valeur>
          <valeur>192.168.1.255</valeur>
          <valeur>255.255.255.255</valeur>
          <valeur>192.168.1.3</valeur>
          <valeur>192.168.1.3</valeur>
          <valeur>1</valeur>
        </ligne>
      </Routes>
      <CacheARP nbLignes="0" />
      <FichierHosts nbLignes="0" />
      <PortsEcoutes nbLignes="0" />
      <NatPat nbLignes="0" />
      <ReglesFiltrage nbLignes="0" />
    </ConfigIpStation>
    <AccesDistant>False</AccesDistant>
    <carte adresseMac="mac12">
      <PosDemoEmission.X>0</PosDemoEmission.X>
      <PosDemoEmission.Y>0</PosDemoEmission.Y>
      <ConfigIpCarte>
        <clientDhcp>False</clientDhcp>
        <adresse>192.168.1.3</adresse>
        <masque>255.255.255.0</masque>
      </ConfigIpCarte>
    </carte>
  </station>
  <station nomNoeud="st7">
    <idNoeud>13</idNoeud>
    <nbPointsConnexion>2</nbPointsConnexion>
    <Location.X>421</Location.X>
    <Location.Y>4</Location.Y>
    <PosDemo.X>0</PosDemo.X>
    <PosDemo.Y>0</PosDemo.Y>
    <ConfigIpStation>
      <passerelle>0.0.0.0</passerelle>
      <routageActif>False</routageActif>
      <natPatActif>False</natPatActif>
      <carteQuiNat>-1</carteQuiNat>
      <serveurDns>0.0.0.0</serveurDns>
      <Routes nbLignes="6">
        <ligne nbValeurs="6" clef="01">
          <valeur>01</valeur>
          <valeur>192.168.1.4</valeur>
          <valeur>255.255.255.255</valeur>
          <valeur>192.168.1.4</valeur>
          <valeur>192.168.1.4</valeur>
          <valeur>1</valeur>
        </ligne>
        <ligne nbValeurs="6" clef="02">
          <valeur>02</valeur>
          <valeur>192.168.1.0</valeur>
          <valeur>255.255.255.0</valeur>
          <valeur>192.168.1.4</valeur>
          <valeur>192.168.1.4</valeur>
          <valeur>1</valeur>
        </ligne>
        <ligne nbValeurs="6" clef="03">
          <valeur>03</valeur>
          <valeur>192.168.1.255</valeur>
          <valeur>255.255.255.255</valeur>
          <valeur>192.168.1.4</valeur>
          <valeur>192.168.1.4</valeur>
          <valeur>1</valeur>
        </ligne>
        <ligne nbValeurs="6" clef="04">
          <valeur>04</valeur>
          <valeur>192.168.0.4</valeur>
          <valeur>255.255.255.255</valeur>
          <valeur>192.168.0.4</valeur>
          <valeur>192.168.0.4</valeur>
          <valeur>1</valeur>
        </ligne>
        <ligne nbValeurs="6" clef="05">
          <valeur>05</valeur>
          <valeur>192.168.0.0</valeur>
          <valeur>255.255.255.0</valeur>
          <valeur>192.168.0.4</valeur>
          <valeur>192.168.0.4</valeur>
          <valeur>1</valeur>
        </ligne>
        <ligne nbValeurs="6" clef="06">
          <valeur>06</valeur>
          <valeur>192.168.0.255</valeur>
          <valeur>255.255.255.255</valeur>
          <valeur>192.168.0.4</valeur>
          <valeur>192.168.0.4</valeur>
          <valeur>1</valeur>
        </ligne>
      </Routes>
      <CacheARP nbLignes="0" />
      <FichierHosts nbLignes="0" />
      <PortsEcoutes nbLignes="0" />
      <NatPat nbLignes="0" />
      <ReglesFiltrage nbLignes="0" />
    </ConfigIpStation>
    <AccesDistant>False</AccesDistant>
    <carte adresseMac="mac13">
      <PosDemoEmission.X>0</PosDemoEmission.X>
      <PosDemoEmission.Y>0</PosDemoEmission.Y>
      <ConfigIpCarte>
        <clientDhcp>False</clientDhcp>
        <adresse>192.168.0.4</adresse>
        <masque>255.255.255.0</masque>
      </ConfigIpCarte>
    </carte>
    <carte adresseMac="mac14">
      <PosDemoEmission.X>0</PosDemoEmission.X>
      <PosDemoEmission.Y>0</PosDemoEmission.Y>
      <ConfigIpCarte>
        <clientDhcp>False</clientDhcp>
        <adresse>192.168.1.4</adresse>
        <masque>255.255.255.0</masque>
      </ConfigIpCarte>
    </carte>
  </station>
  <cable>
    <type>droit</type>
    <longueur>30</longueur>
    <noeudPointA>1</noeudPointA>
    <portPointA>1</portPointA>
    <noeudPointB>7</noeudPointB>
    <portPointB>1</portPointB>
  </cable>
  <cable>
    <type>droit</type>
    <longueur>30</longueur>
    <noeudPointA>2</noeudPointA>
    <portPointA>1</portPointA>
    <noeudPointB>7</noeudPointB>
    <portPointB>2</portPointB>
  </cable>
  <cable>
    <type>droit</type>
    <longueur>30</longueur>
    <noeudPointA>3</noeudPointA>
    <portPointA>1</portPointA>
    <noeudPointB>7</noeudPointB>
    <portPointB>3</portPointB>
  </cable>
  <cable>
    <type>droit</type>
    <longueur>30</longueur>
    <noeudPointA>9</noeudPointA>
    <portPointA>1</portPointA>
    <noeudPointB>10</noeudPointB>
    <portPointB>1</portPointB>
  </cable>
  <cable>
    <type>droit</type>
    <longueur>30</longueur>
    <noeudPointA>11</noeudPointA>
    <portPointA>1</portPointA>
    <noeudPointB>10</noeudPointB>
    <portPointB>2</portPointB>
  </cable>
  <cable>
    <type>droit</type>
    <longueur>30</longueur>
    <noeudPointA>12</noeudPointA>
    <portPointA>1</portPointA>
    <noeudPointB>10</noeudPointB>
    <portPointB>3</portPointB>
  </cable>
  <cable>
    <type>droit</type>
    <longueur>30</longueur>
    <noeudPointA>7</noeudPointA>
    <portPointA>4</portPointA>
    <noeudPointB>13</noeudPointB>
    <portPointB>1</portPointB>
  </cable>
  <cable>
    <type>droit</type>
    <longueur>30</longueur>
    <noeudPointA>13</noeudPointA>
    <portPointA>2</portPointA>
    <noeudPointB>10</noeudPointB>
    <portPointB>4</portPointB>
  </cable>
</simRes>